{
  "criteria": {
    "x_3": {
      "trigger": "minecraft:placed_block",
      "conditions": {
        "location": [
          {
            "condition": "minecraft:reference",
            "name": "swdheftpywatpaaap:x_3"
          },
          {
            "condition": "minecraft:match_tool",
            "predicate": {
              "items": [
                "minecraft:water_bucket"
              ]
            }
          }
        ]
      }
    }
  },
  "rewards": {
    "function": "swdheftpywatpaaap:x_3"
  }
}